timestamp,configuration,run_number,total_lookups,cache_hits,cache_hit_percent,bucket_hits,bucket_hit_percent,cache_hit_latency_ns,cache_hit_stddev_ns,bucket_search_latency_ns,bucket_search_stddev_ns,context_predictions_total,context_correct,context_accuracy_percent,rolling_window_width,decay_slope,hot_word_count,stale_word_ratio,avg_word_heat,prefetch_accuracy_percent,prefetch_attempts,prefetch_hits,window_tuning_checks,final_effective_window_size,vm_workload_duration_ns_q48,cpu_temp_delta_c_q48,cpu_freq_delta_mhz_q48,decay_rate_q16,decay_min_interval_ns,rolling_window_size,adaptive_shrink_rate,heat_cache_demotion_threshold,enable_hotwords_cache,enable_pipelining
2025-11-09T20:20:28,A_B_CACHE,37,4001,675,16.87,2607,65.16,29,907,51,15935,0,0,0.00,4096,0.33,3,0.094737,1.449123,0.00,0,0,0,4096,272478109696,0,-65536,1,1000,4096,75,10,1,0
2025-11-09T20:20:36,A_B_C_FULL,57,4001,955,23.87,2327,58.16,31,1124,54,4270,851,752,88.37,4096,0.33,6,0.087719,1.705263,88.37,851,752,0,4096,332418908160,0,-65536,1,1000,4096,75,10,1,1
2025-11-09T20:20:43,A_C_FULL,6,0,0,0.00,0,0.00,0,0,0,0,0,0,0.00,4096,0.33,1,0.094737,1.157895,0.00,0,0,0,4096,320233472000,0,458752,1,1000,4096,75,10,0,1
2025-11-09T20:20:50,A_B_CACHE,58,4001,685,17.12,2597,64.91,28,874,50,3387,0,0,0.00,4096,0.33,3,0.094737,1.326316,0.00,0,0,0,4096,264728018944,0,0,1,1000,4096,75,10,1,0
2025-11-09T20:20:58,A_B_C_FULL,2,4001,899,22.47,2383,59.56,33,1297,56,8373,851,752,88.37,4096,0.33,6,0.087719,1.705263,88.37,851,752,0,4096,362415587328,0,-65536,1,1000,4096,75,10,1,1
2025-11-09T20:20:58,A_B_C_FULL,60,4001,903,22.57,2379,59.46,31,1068,51,3718,851,752,88.37,4096,0.33,6,0.087719,1.691228,88.37,851,752,0,4096,327931002880,0,-655360,1,1000,4096,75,10,1,1
2025-11-09T20:21:05,A_C_FULL,54,0,0,0.00,0,0.00,0,0,0,0,0,0,0.00,4096,0.33,1,0.094737,0.936842,0.00,0,0,0,4096,307957661696,0,-1245184,1,1000,4096,75,10,0,1
2025-11-09T20:21:12,A_BASELINE,2,0,0,0.00,0,0.00,0,0,0,0,0,0,0.00,4096,0.33,5,0.094737,1.631579,0.00,0,0,0,4096,218374078464,0,12648448,1,1000,4096,75,10,0,0
2025-11-09T20:21:13,A_BASELINE,51,0,0,0.00,0,0.00,0,0,0,0,0,0,0.00,4096,0.33,4,0.094737,1.592982,0.00,0,0,0,4096,262894387200,0,65536,1,1000,4096,75,10,0,0
2025-11-09T20:21:20,A_B_C_FULL,49,4001,1074,26.84,2208,55.19,31,1156,54,4281,851,752,88.37,4096,0.33,6,0.087719,1.600000,88.37,851,752,0,4096,337312677888,0,262144,1,1000,4096,75,10,1,1
2025-11-09T20:21:27,A_BASELINE,53,0,0,0.00,0,0.00,0,0,0,0,0,0,0.00,4096,0.33,4,0.094737,1.494737,0.00,0,0,0,4096,254352162816,0,65536,1,1000,4096,75,10,0,0
2025-11-09T20:21:35,A_B_C_FULL,27,4001,893,22.32,2389,59.71,33,1244,57,5692,851,752,88.37,4096,0.33,6,0.087719,1.712281,88.37,851,752,0,4096,528597647360,0,196608,1,1000,4096,75,10,1,1
2025-11-09T20:21:42,A_BASELINE,31,0,0,0.00,0,0.00,0,0,0,0,0,0,0.00,4096,0.33,4,0.094737,1.526316,0.00,0,0,0,4096,231375437824,0,8126464,1,1000,4096,75,10,0,0
2025-11-09T20:21:49,A_C_FULL,19,0,0,0.00,0,0.00,0,0,0,0,0,0,0.00,4096,0.33,1,0.094737,1.045614,0.00,0,0,0,4096,356962664448,0,0,1,1000,4096,75,10,0,1
2025-11-09T20:21:49,A_C_FULL,20,0,0,0.00,0,0.00,0,0,0,0,0,0,0.00,4096,0.33,1,0.094737,1.200000,0.00,0,0,0,4096,331009228800,0,0,1,1000,4096,75,10,0,1
2025-11-09T20:21:49,A_C_FULL,8,0,0,0.00,0,0.00,0,0,0,0,0,0,0.00,4096,0.33,1,0.094737,1.164912,0.00,0,0,0,4096,304902438912,0,31064064,1,1000,4096,75,10,0,1
2025-11-09T20:21:49,A_C_FULL,58,0,0,0.00,0,0.00,0,0,0,0,0,0,0.00,4096,0.33,1,0.094737,0.796491,0.00,0,0,0,4096,482535538688,0,-65536,1,1000,4096,75,10,0,1
2025-11-09T20:21:57,A_B_CACHE,21,4001,908,22.69,2374,59.34,26,760,44,2572,0,0,0.00,4096,0.33,4,0.094737,1.578947,0.00,0,0,0,4096,216028217344,0,917504,1,1000,4096,75,10,1,0
2025-11-09T20:22:03,A_C_FULL,2,0,0,0.00,0,0.00,0,0,0,0,0,0,0.00,4096,0.33,3,0.094737,1.403509,0.00,0,0,0,4096,288161726464,0,16252928,1,1000,4096,75,10,0,1
2025-11-09T20:22:03,A_C_FULL,9,0,0,0.00,0,0.00,0,0,0,0,0,0,0.00,4096,0.33,1,0.094737,1.182456,0.00,0,0,0,4096,296663646208,0,-65536,1,1000,4096,75,10,0,1
2025-11-09T20:22:11,A_B_CACHE,29,4001,671,16.77,2611,65.26,29,915,50,3462,0,0,0.00,4096,0.33,3,0.094737,1.301754,0.00,0,0,0,4096,275401998336,0,262144,1,1000,4096,75,10,1,0
2025-11-09T20:22:18,A_C_FULL,38,0,0,0.00,0,0.00,0,0,0,0,0,0,0.00,4096,0.33,1,0.094737,1.119298,0.00,0,0,0,4096,341964947456,0,0,1,1000,4096,75,10,0,1
2025-11-09T20:22:18,A_C_FULL,36,0,0,0.00,0,0.00,0,0,0,0,0,0,0.00,4096,0.33,2,0.098246,1.178947,0.00,0,0,0,4096,319010701312,0,0,1,1000,4096,75,10,0,1
2025-11-09T20:22:18,A_C_FULL,59,0,0,0.00,0,0.00,0,0,0,0,0,0,0.00,4096,0.33,1,0.094737,1.185965,0.00,0,0,0,4096,336042262528,0,-131072,1,1000,4096,75,10,0,1
2025-11-09T20:22:26,A_B_C_FULL,54,4001,898,22.44,2384,59.59,33,1304,64,147938,851,752,88.37,4096,0.33,6,0.087719,1.705263,88.37,851,752,0,4096,366362820608,0,-1441792,1,1000,4096,75,10,1,1
2025-11-09T20:22:33,A_C_FULL,22,0,0,0.00,0,0.00,0,0,0,0,0,0,0.00,4096,0.33,2,0.094737,1.263158,0.00,0,0,0,4096,301774733312,0,0,1,1000,4096,75,10,0,1
2025-11-09T20:22:40,A_B_CACHE,32,4001,677,16.92,2605,65.11,28,860,83,2595842,0,0,0.00,4096,0.33,4,0.094737,1.557895,0.00,0,0,0,4096,285487726592,0,196608,1,1000,4096,75,10,1,0
2025-11-09T20:22:40,A_B_CACHE,40,4001,693,17.32,2589,64.71,28,842,49,3455,0,0,0.00,4096,0.33,3,0.094737,1.466667,0.00,0,0,0,4096,263800881152,0,0,1,1000,4096,75,10,1,0
2025-11-09T20:22:47,A_BASELINE,35,0,0,0.00,0,0.00,0,0,0,0,0,0,0.00,4096,0.33,4,0.094737,1.515789,0.00,0,0,0,4096,264290041856,0,65536,1,1000,4096,75,10,0,0
2025-11-09T20:22:55,A_B_CACHE,47,4001,839,20.97,2443,61.06,28,819,51,3402,0,0,0.00,4096,0.33,4,0.094737,1.480702,0.00,0,0,0,4096,251850850304,0,65536,1,1000,4096,75,10,1,0
2025-11-09T20:22:55,A_B_CACHE,60,4001,808,20.19,2474,61.83,27,811,48,3306,0,0,0.00,4096,0.33,3,0.094737,1.407018,0.00,0,0,0,4096,256338690048,0,-131072,1,1000,4096,75,10,1,0
2025-11-09T20:23:02,A_B_C_FULL,34,4001,899,22.47,2383,59.56,33,1290,55,4480,851,752,88.37,4096,0.33,6,0.087719,1.705263,88.37,851,752,0,4096,366046609408,0,-65536,1,1000,4096,75,10,1,1
2025-11-09T20:23:09,A_C_FULL,43,0,0,0.00,0,0.00,0,0,0,0,0,0,0.00,4096,0.33,3,0.094737,1.322807,0.00,0,0,0,4096,308841938944,0,30605312,1,1000,4096,75,10,0,1
2025-11-09T20:23:17,A_B_C_FULL,15,4001,900,22.49,2382,59.54,32,1599,53,4171,851,752,88.37,4096,0.33,7,0.087719,1.719298,88.37,851,752,0,4096,345344901120,0,-65536,1,1000,4096,75,10,1,1
2025-11-09T20:23:24,A_B_CACHE,26,4001,681,17.02,2601,65.01,29,957,49,3191,0,0,0.00,4096,0.33,3,0.094737,1.421053,0.00,0,0,0,4096,262650658816,0,65536,1,1000,4096,75,10,1,0
2025-11-09T20:23:31,A_BASELINE,9,0,0,0.00,0,0.00,0,0,0,0,0,0,0.00,4096,0.33,3,0.094737,1.456140,0.00,0,0,0,4096,244821262336,0,6356992,1,1000,4096,75,10,0,0
2025-11-09T20:23:39,A_B_CACHE,1,4001,685,17.12,2597,64.91,28,853,48,3254,0,0,0.00,4096,0.33,4,0.094737,1.477193,0.00,0,0,0,4096,261124784128,0,-196608,1,1000,4096,75,10,1,0
2025-11-09T20:23:46,A_B_C_FULL,47,4001,1091,27.27,2191,54.76,30,1034,51,3790,851,752,88.37,4096,0.33,6,0.087719,1.680702,88.37,851,752,0,4096,309507719168,0,-262144,1,1000,4096,75,10,1,1
2025-11-09T20:23:53,A_C_FULL,57,0,0,0.00,0,0.00,0,0,0,0,0,0,0.00,4096,0.33,1,0.094737,1.154386,0.00,0,0,0,4096,308728299520,0,0,1,1000,4096,75,10,0,1
2025-11-09T20:23:53,A_C_FULL,28,0,0,0.00,0,0.00,0,0,0,0,0,0,0.00,4096,0.33,1,0.094737,1.175439,0.00,0,0,0,4096,325476679680,0,589824,1,1000,4096,75,10,0,1
2025-11-09T20:24:00,A_BASELINE,52,0,0,0.00,0,0.00,0,0,0,0,0,0,0.00,4096,0.33,4,0.094737,1.519298,0.00,0,0,0,4096,235415207936,0,65536,1,1000,4096,75,10,0,0
2025-11-09T20:24:00,A_BASELINE,22,0,0,0.00,0,0.00,0,0,0,0,0,0,0.00,4096,0.33,4,0.094737,1.519298,0.00,0,0,0,4096,250991214592,0,655360,1,1000,4096,75,10,0,0
2025-11-09T20:24:07,A_B_CACHE,24,4001,665,16.62,2617,65.41,28,898,57,70379,0,0,0.00,4096,0.33,4,0.094737,1.480702,0.00,0,0,0,4096,275817562112,0,9043968,1,1000,4096,75,10,1,0
2025-11-09T20:24:15,A_B_C_FULL,30,4001,1064,26.59,2218,55.44,28,895,48,3068,851,752,88.37,4096,0.33,7,0.087719,1.729825,88.37,851,752,0,4096,282197295104,0,30998528,1,1000,4096,75,10,1,1
2025-11-09T20:24:22,A_C_FULL,7,0,0,0.00,0,0.00,0,0,0,0,0,0,0.00,4096,0.33,1,0.094737,1.143860,0.00,0,0,0,4096,293911724032,0,0,1,1000,4096,75,10,0,1
2025-11-09T20:24:29,A_BASELINE,4,0,0,0.00,0,0.00,0,0,0,0,0,0,0.00,4096,0.33,4,0.094737,1.498246,0.00,0,0,0,4096,255448711168,0,2162688,1,1000,4096,75,10,0,0
2025-11-09T20:24:36,A_C_FULL,25,0,0,0.00,0,0.00,0,0,0,0,0,0,0.00,4096,0.33,1,0.094737,1.200000,0.00,0,0,0,4096,336786096128,0,65536,1,1000,4096,75,10,0,1
2025-11-09T20:24:44,A_B_CACHE,14,4001,658,16.45,2624,65.58,29,893,53,25215,0,0,0.00,4096,0.33,3,0.094737,1.343860,0.00,0,0,0,4096,284748283904,0,65536,1,1000,4096,75,10,1,0
2025-11-09T20:24:51,A_C_FULL,32,0,0,0.00,0,0.00,0,0,0,0,0,0,0.00,4096,0.33,2,0.094737,1.221053,0.00,0,0,0,4096,303717941248,0,-720896,1,1000,4096,75,10,0,1
2025-11-09T20:24:58,A_BASELINE,30,0,0,0.00,0,0.00,0,0,0,0,0,0,0.00,4096,0.33,4,0.094737,1.585965,0.00,0,0,0,4096,253341204480,0,458752,1,1000,4096,75,10,0,0
2025-11-09T20:25:05,A_B_CACHE,36,4001,691,17.27,2591,64.76,29,921,50,9893,0,0,0.00,4096,0.33,4,0.094737,1.480702,0.00,0,0,0,4096,256375848960,0,720896,1,1000,4096,75,10,1,0
2025-11-09T20:25:13,A_BASELINE,16,0,0,0.00,0,0.00,0,0,0,0,0,0,0.00,4096,0.33,4,0.094737,1.484211,0.00,0,0,0,4096,218122027008,0,2359296,1,1000,4096,75,10,0,0
2025-11-09T20:25:19,A_B_CACHE,16,4001,664,16.60,2618,65.43,29,922,49,3524,0,0,0.00,4096,0.33,3,0.094737,1.347368,0.00,0,0,0,4096,269105233920,0,0,1,1000,4096,75,10,1,0
2025-11-09T20:25:19,A_B_CACHE,49,4001,662,16.55,2620,65.48,29,924,53,4330,0,0,0.00,4096,0.33,3,0.094737,1.333333,0.00,0,0,0,4096,333351878656,0,-65536,1,1000,4096,75,10,1,0
2025-11-09T20:25:19,A_B_CACHE,31,4001,660,16.50,2622,65.53,28,887,52,4299,0,0,0.00,4096,0.33,3,0.094737,1.298246,0.00,0,0,0,4096,294407897088,0,0,1,1000,4096,75,10,1,0
2025-11-09T20:25:27,A_C_FULL,46,0,0,0.00,0,0.00,0,0,0,0,0,0,0.00,4096,0.33,3,0.094737,1.333333,0.00,0,0,0,4096,275057934336,0,33095680,1,1000,4096,75,10,0,1
2025-11-09T20:25:33,A_B_CACHE,4,4001,669,16.72,2613,65.31,29,938,51,3621,0,0,0.00,4096,0.33,3,0.094737,1.445614,0.00,0,0,0,4096,276468006912,0,0,1,1000,4096,75,10,1,0
2025-11-09T20:25:40,A_BASELINE,59,0,0,0.00,0,0.00,0,0,0,0,0,0,0.00,4096,0.33,4,0.094737,1.582456,0.00,0,0,0,4096,223249235968,0,458752,1,1000,4096,75,10,0,0
2025-11-09T20:25:47,A_B_C_FULL,48,4001,905,22.62,2377,59.41,32,1258,52,3922,851,752,88.37,4096,0.33,6,0.087719,1.652632,88.37,851,752,0,4096,339307724800,0,3932160,1,1000,4096,75,10,1,1
2025-11-09T20:25:47,A_B_C_FULL,45,4001,890,22.24,2392,59.79,33,1377,58,5202,851,752,88.37,4096,0.33,5,0.087719,1.522807,88.37,851,752,0,4096,390009126912,0,0,1,1000,4096,75,10,1,1
2025-11-09T20:25:55,A_BASELINE,32,0,0,0.00,0,0.00,0,0,0,0,0,0,0.00,4096,0.33,4,0.094737,1.589474,0.00,0,0,0,4096,240910729216,0,12779520,1,1000,4096,75,10,0,0
2025-11-09T20:26:02,A_C_FULL,13,0,0,0.00,0,0.00,0,0,0,0,0,0,0.00,4096,0.33,2,0.094737,1.228070,0.00,0,0,0,4096,316137734144,0,262144,1,1000,4096,75,10,0,1
2025-11-09T20:26:02,A_C_FULL,3,0,0,0.00,0,0.00,0,0,0,0,0,0,0.00,4096,0.33,0,0.101754,0.638596,0.00,0,0,0,4096,334759723008,0,196608,1,1000,4096,75,10,0,1
2025-11-09T20:26:09,A_B_CACHE,41,4001,852,21.29,2430,60.73,26,749,46,2954,0,0,0.00,4096,0.33,5,0.094737,1.656140,0.00,0,0,0,4096,232870969344,0,5505024,1,1000,4096,75,10,1,0
2025-11-09T20:26:16,A_BASELINE,34,0,0,0.00,0,0.00,0,0,0,0,0,0,0.00,4096,0.33,4,0.094737,1.536842,0.00,0,0,0,4096,234781671424,0,-5898240,1,1000,4096,75,10,0,0
2025-11-09T20:26:23,A_B_CACHE,52,4001,859,21.47,2423,60.56,27,770,46,2795,0,0,0.00,4096,0.33,5,0.094737,1.656140,0.00,0,0,0,4096,235807244288,0,5505024,1,1000,4096,75,10,1,0
2025-11-09T20:26:30,A_C_FULL,12,0,0,0.00,0,0.00,0,0,0,0,0,0,0.00,4096,0.33,3,0.094737,1.308772,0.00,0,0,0,4096,337004396544,0,10551296,1,1000,4096,75,10,0,1
2025-11-09T20:26:37,A_BASELINE,15,0,0,0.00,0,0.00,0,0,0,0,0,0,0.00,4096,0.33,3,0.094737,1.466667,0.00,0,0,0,4096,273568563200,0,65536,1,1000,4096,75,10,0,0
2025-11-09T20:26:37,A_BASELINE,1,0,0,0.00,0,0.00,0,0,0,0,0,0,0.00,4096,0.33,4,0.094737,1.505263,0.00,0,0,0,4096,244154564608,0,0,1,1000,4096,75,10,0,0
2025-11-09T20:26:45,A_C_FULL,4,0,0,0.00,0,0.00,0,0,0,0,0,0,0.00,4096,0.33,1,0.094737,1.185965,0.00,0,0,0,4096,348296052736,0,0,1,1000,4096,75,10,0,1
2025-11-09T20:26:52,A_B_CACHE,10,4001,836,20.89,2446,61.13,27,798,52,3821,0,0,0.00,4096,0.33,3,0.094737,1.298246,0.00,0,0,0,4096,253199056896,0,-131072,1,1000,4096,75,10,1,0
2025-11-09T20:26:59,A_BASELINE,48,0,0,0.00,0,0.00,0,0,0,0,0,0,0.00,4096,0.33,4,0.094737,1.522807,0.00,0,0,0,4096,250065256448,0,2228224,1,1000,4096,75,10,0,0
2025-11-09T20:27:06,A_B_CACHE,27,4001,842,21.04,2440,60.98,28,879,51,3799,0,0,0.00,4096,0.33,3,0.094737,1.350877,0.00,0,0,0,4096,259353673728,0,0,1,1000,4096,75,10,1,0
2025-11-09T20:27:14,A_BASELINE,40,0,0,0.00,0,0.00,0,0,0,0,0,0,0.00,4096,0.33,1,0.094737,1.157895,0.00,0,0,0,4096,250750173184,0,131072,1,1000,4096,75,10,0,0
2025-11-09T20:27:14,A_BASELINE,56,0,0,0.00,0,0.00,0,0,0,0,0,0,0.00,4096,0.33,3,0.094737,1.480702,0.00,0,0,0,4096,263603290112,0,-65536,1,1000,4096,75,10,0,0
2025-11-09T20:27:21,A_B_C_FULL,44,4001,912,22.79,2370,59.24,34,1620,53,3916,851,752,88.37,4096,0.33,6,0.087719,1.687719,88.37,851,752,0,4096,337087692800,0,65536,1,1000,4096,75,10,1,1
2025-11-09T20:27:21,A_B_C_FULL,18,4001,1061,26.52,2221,55.51,32,1387,57,5056,851,752,88.37,4096,0.33,6,0.087719,1.687719,88.37,851,752,0,4096,358240288768,0,-2555904,1,1000,4096,75,10,1,1
2025-11-09T20:27:21,A_B_C_FULL,23,4001,898,22.44,2384,59.59,34,1367,54,4254,851,752,88.37,4096,0.33,7,0.087719,1.729825,88.37,851,752,0,4096,339853312000,0,-65536,1,1000,4096,75,10,1,1
2025-11-09T20:27:21,A_B_C_FULL,21,4001,906,22.64,2376,59.39,32,1188,54,4309,851,752,88.37,4096,0.33,6,0.087719,1.698246,88.37,851,752,0,4096,385541865472,0,-65536,1,1000,4096,75,10,1,1
2025-11-09T20:27:28,A_BASELINE,43,0,0,0.00,0,0.00,0,0,0,0,0,0,0.00,4096,0.33,4,0.094737,1.519298,0.00,0,0,0,4096,255636799488,0,65536,1,1000,4096,75,10,0,0
2025-11-09T20:27:28,A_BASELINE,11,0,0,0.00,0,0.00,0,0,0,0,0,0,0.00,4096,0.33,3,0.094737,1.477193,0.00,0,0,0,4096,251643953152,0,4390912,1,1000,4096,75,10,0,0
2025-11-09T20:27:36,A_B_C_FULL,55,4001,908,22.69,2374,59.34,32,1147,55,13212,851,752,88.37,4096,0.33,7,0.087719,1.712281,88.37,851,752,0,4096,326555664384,0,3473408,1,1000,4096,75,10,1,1
2025-11-09T20:27:36,A_B_C_FULL,4,4001,1065,26.62,2217,55.41,29,950,49,3249,851,752,88.37,4096,0.33,7,0.087719,1.743860,88.37,851,752,0,4096,306197823488,0,-458752,1,1000,4096,75,10,1,1
2025-11-09T20:27:43,A_C_FULL,55,0,0,0.00,0,0.00,0,0,0,0,0,0,0.00,4096,0.33,3,0.094737,1.340351,0.00,0,0,0,4096,289595654144,0,2490368,1,1000,4096,75,10,0,1
2025-11-09T20:27:49,A_B_C_FULL,46,4001,902,22.54,2380,59.49,33,1210,53,3880,851,752,88.37,4096,0.33,6,0.087719,1.677193,88.37,851,752,0,4096,345226543104,0,393216,1,1000,4096,75,10,1,1
2025-11-09T20:27:57,A_C_FULL,53,0,0,0.00,0,0.00,0,0,0,0,0,0,0.00,4096,0.33,2,0.094737,1.207018,0.00,0,0,0,4096,330919313408,0,0,1,1000,4096,75,10,0,1
2025-11-09T20:27:57,A_C_FULL,48,0,0,0.00,0,0.00,0,0,0,0,0,0,0.00,4096,0.33,2,0.094737,1.224561,0.00,0,0,0,4096,313120653312,0,-131072,1,1000,4096,75,10,0,1
2025-11-09T20:28:03,A_B_C_FULL,6,4001,1032,25.79,2250,56.24,34,3298,57,4849,851,752,88.37,4096,0.33,6,0.087719,1.694737,88.37,851,752,0,4096,391162691584,0,-65536,1,1000,4096,75,10,1,1
2025-11-09T20:28:11,A_B_CACHE,9,4001,719,17.97,2563,64.06,27,819,45,2740,0,0,0.00,4096,0.33,4,0.094737,1.543860,0.00,0,0,0,4096,245006860288,0,-262144,1,1000,4096,75,10,1,0
2025-11-09T20:28:17,A_C_FULL,23,0,0,0.00,0,0.00,0,0,0,0,0,0,0.00,4096,0.33,3,0.094737,1.364912,0.00,0,0,0,4096,297663201280,0,6225920,1,1000,4096,75,10,0,1
2025-11-09T20:28:24,A_B_C_FULL,19,4001,910,22.74,2372,59.29,31,1107,51,3642,851,752,88.37,4096,0.33,6,0.087719,1.687719,88.37,851,752,0,4096,317284089856,0,13828096,1,1000,4096,75,10,1,1
2025-11-09T20:28:31,A_BASELINE,47,0,0,0.00,0,0.00,0,0,0,0,0,0,0.00,4096,0.33,5,0.094737,1.638596,0.00,0,0,0,4096,224384450560,0,6225920,1,1000,4096,75,10,0,0
2025-11-09T20:28:31,A_BASELINE,54,0,0,0.00,0,0.00,0,0,0,0,0,0,0.00,4096,0.33,4,0.094737,1.585965,0.00,0,0,0,4096,253078863872,0,65536,1,1000,4096,75,10,0,0
2025-11-09T20:28:38,A_B_CACHE,18,4001,680,17.00,2602,65.03,28,828,46,2825,0,0,0.00,4096,0.33,4,0.094737,1.554386,0.00,0,0,0,4096,255433965568,0,-5177344,1,1000,4096,75,10,1,0
2025-11-09T20:28:45,A_C_FULL,18,0,0,0.00,0,0.00,0,0,0,0,0,0,0.00,4096,0.33,2,0.094737,1.245614,0.00,0,0,0,4096,281999638528,0,-786432,1,1000,4096,75,10,0,1
2025-11-09T20:28:52,A_BASELINE,60,0,0,0.00,0,0.00,0,0,0,0,0,0,0.00,4096,0.33,4,0.094737,1.519298,0.00,0,0,0,4096,269787594752,0,65536,1,1000,4096,75,10,0,0
2025-11-09T20:28:59,A_B_C_FULL,20,4001,1064,26.59,2218,55.44,32,1157,53,3815,851,752,88.37,4096,0.33,7,0.087719,1.715789,88.37,851,752,0,4096,316879273984,0,11665408,1,1000,4096,75,10,1,1
2025-11-09T20:29:07,A_B_CACHE,8,4001,849,21.22,2433,60.81,27,786,48,3300,0,0,0.00,4096,0.33,3,0.094737,1.438596,0.00,0,0,0,4096,248261640192,0,0,1,1000,4096,75,10,1,0
2025-11-09T20:29:13,A_BASELINE,44,0,0,0.00,0,0.00,0,0,0,0,0,0,0.00,4096,0.33,3,0.094737,1.445614,0.00,0,0,0,4096,254960664576,0,8650752,1,1000,4096,75,10,0,0
2025-11-09T20:29:21,A_B_CACHE,30,4001,833,20.82,2449,61.21,28,872,50,3358,0,0,0.00,4096,0.33,3,0.094737,1.403509,0.00,0,0,0,4096,259322544128,0,0,1,1000,4096,75,10,1,0
2025-11-09T20:29:27,A_BASELINE,28,0,0,0.00,0,0.00,0,0,0,0,0,0,0.00,4096,0.33,4,0.094737,1.498246,0.00,0,0,0,4096,261268045824,0,-6029312,1,1000,4096,75,10,0,0
2025-11-09T20:29:34,A_C_FULL,40,0,0,0.00,0,0.00,0,0,0,0,0,0,0.00,4096,0.33,1,0.094737,1.171930,0.00,0,0,0,4096,329947480064,0,0,1,1000,4096,75,10,0,1
2025-11-09T20:29:42,A_B_CACHE,44,4001,844,21.09,2438,60.93,28,829,49,3352,0,0,0.00,4096,0.33,4,0.094737,1.477193,0.00,0,0,0,4096,253631397888,0,-65536,1,1000,4096,75,10,1,0
2025-11-09T20:29:42,A_B_CACHE,2,4001,891,22.27,2391,59.76,27,806,51,43570,0,0,0.00,4096,0.33,5,0.094737,1.747368,0.00,0,0,0,4096,220884828160,0,0,1,1000,4096,75,10,1,0
2025-11-09T20:29:49,A_BASELINE,29,0,0,0.00,0,0.00,0,0,0,0,0,0,0.00,4096,0.33,4,0.094737,1.578947,0.00,0,0,0,4096,222243389440,0,3670016,1,1000,4096,75,10,0,0
2025-11-09T20:29:49,A_BASELINE,57,0,0,0.00,0,0.00,0,0,0,0,0,0,0.00,4096,0.33,5,0.094737,1.670175,0.00,0,0,0,4096,224669335552,0,11730944,1,1000,4096,75,10,0,0
2025-11-09T20:29:56,A_C_FULL,30,0,0,0.00,0,0.00,0,0,0,0,0,0,0.00,4096,0.33,1,0.094737,1.049123,0.00,0,0,0,4096,362010378240,0,0,1,1000,4096,75,10,0,1
2025-11-09T20:30:03,A_B_CACHE,22,4001,673,16.82,2609,65.21,28,909,50,3637,0,0,0.00,4096,0.33,3,0.094737,1.322807,0.00,0,0,0,4096,266951327744,0,-2097152,1,1000,4096,75,10,1,0
2025-11-09T20:30:11,A_C_FULL,39,0,0,0.00,0,0.00,0,0,0,0,0,0,0.00,4096,0.33,2,0.094737,1.245614,0.00,0,0,0,4096,307724877824,0,65536,1,1000,4096,75,10,0,1
2025-11-09T20:30:18,A_BASELINE,50,0,0,0.00,0,0.00,0,0,0,0,0,0,0.00,4096,0.33,4,0.094737,1.484211,0.00,0,0,0,4096,254878285824,0,-65536,1,1000,4096,75,10,0,0
2025-11-09T20:30:26,A_C_FULL,49,0,0,0.00,0,0.00,0,0,0,0,0,0,0.00,4096,0.33,2,0.094737,1.263158,0.00,0,0,0,4096,299828248576,0,-786432,1,1000,4096,75,10,0,1
2025-11-09T20:30:32,A_BASELINE,7,0,0,0.00,0,0.00,0,0,0,0,0,0,0.00,4096,0.33,5,0.094737,1.670175,0.00,0,0,0,4096,210755977216,0,20381696,1,1000,4096,75,10,0,0
2025-11-09T20:30:39,A_C_FULL,5,0,0,0.00,0,0.00,0,0,0,0,0,0,0.00,4096,0.33,2,0.094737,1.263158,0.00,0,0,0,4096,297151954944,0,10158080,1,1000,4096,75,10,0,1
2025-11-09T20:30:46,A_BASELINE,14,0,0,0.00,0,0.00,0,0,0,0,0,0,0.00,4096,0.33,3,0.094737,1.456140,0.00,0,0,0,4096,254828675072,0,0,1,1000,4096,75,10,0,0
2025-11-09T20:30:54,A_B_CACHE,20,4001,678,16.95,2604,65.08,28,870,49,3370,0,0,0.00,4096,0.33,4,0.094737,1.484211,0.00,0,0,0,4096,267678777344,0,65536,1,1000,4096,75,10,1,0
2025-11-09T20:31:00,A_B_C_FULL,59,4001,918,22.94,2364,59.09,30,1026,52,12535,851,752,88.37,4096,0.33,7,0.087719,1.736842,88.37,851,752,0,4096,308674887680,0,15990784,1,1000,4096,75,10,1,1
2025-11-09T20:31:07,A_BASELINE,19,0,0,0.00,0,0.00,0,0,0,0,0,0,0.00,4096,0.33,4,0.094737,1.564912,0.00,0,0,0,4096,245232762880,0,12189696,1,1000,4096,75,10,0,0
2025-11-09T20:31:14,A_C_FULL,14,0,0,0.00,0,0.00,0,0,0,0,0,0,0.00,4096,0.33,1,0.094737,1.171930,0.00,0,0,0,4096,304415768576,0,-262144,1,1000,4096,75,10,0,1
2025-11-09T20:31:21,A_B_C_FULL,8,4001,901,22.52,2381,59.51,33,1285,55,4359,851,752,88.37,4096,0.33,6,0.087719,1.701754,88.37,851,752,0,4096,357437341696,0,0,1,1000,4096,75,10,1,1
2025-11-09T20:31:21,A_B_C_FULL,50,4001,912,22.79,2370,59.24,32,1417,57,30007,851,752,88.37,4096,0.33,6,0.087719,1.712281,88.37,851,752,0,4096,332514459648,0,131072,1,1000,4096,75,10,1,1
2025-11-09T20:31:28,A_B_CACHE,43,4001,715,17.87,2567,64.16,26,769,47,3001,0,0,0.00,4096,0.33,3,0.094737,1.364912,0.00,0,0,0,4096,252176367616,0,12648448,1,1000,4096,75,10,1,0
2025-11-09T20:31:28,A_B_CACHE,56,4001,720,18.00,2562,64.03,28,923,50,17245,0,0,0.00,4096,0.33,4,0.094737,1.491228,0.00,0,0,0,4096,278928621568,0,13041664,1,1000,4096,75,10,1,0
2025-11-09T20:31:35,A_C_FULL,27,0,0,0.00,0,0.00,0,0,0,0,0,0,0.00,4096,0.33,2,0.094737,1.263158,0.00,0,0,0,4096,296491679744,0,65536,1,1000,4096,75,10,0,1
2025-11-09T20:31:42,A_B_CACHE,11,4001,665,16.62,2617,65.41,29,942,50,3760,0,0,0.00,4096,0.33,3,0.094737,1.424561,0.00,0,0,0,4096,270530969600,0,0,1,1000,4096,75,10,1,0
2025-11-09T20:31:42,A_B_CACHE,54,4001,683,17.07,2599,64.96,26,812,49,3429,0,0,0.00,4096,0.33,3,0.094737,1.459649,0.00,0,0,0,4096,262630342656,0,65536,1,1000,4096,75,10,1,0
2025-11-09T20:31:42,A_B_CACHE,45,4001,648,16.20,2634,65.83,28,1053,50,3911,0,0,0.00,4096,0.33,3,0.094737,1.284211,0.00,0,0,0,4096,354980593664,0,0,1,1000,4096,75,10,1,0
2025-11-09T20:31:42,A_B_CACHE,15,4001,708,17.70,2574,64.33,29,907,54,26083,0,0,0.00,4096,0.33,3,0.094737,1.414035,0.00,0,0,0,4096,268394758144,0,2424832,1,1000,4096,75,10,1,0
2025-11-09T20:31:49,A_BASELINE,18,0,0,0.00,0,0.00,0,0,0,0,0,0,0.00,4096,0.33,4,0.094737,1.519298,0.00,0,0,0,4096,250541047808,0,1048576,1,1000,4096,75,10,0,0
2025-11-09T20:31:49,A_BASELINE,37,0,0,0.00,0,0.00,0,0,0,0,0,0,0.00,4096,0.33,5,0.094737,1.659649,0.00,0,0,0,4096,234183983104,0,13893632,1,1000,4096,75,10,0,0
2025-11-09T20:31:57,A_C_FULL,26,0,0,0.00,0,0.00,0,0,0,0,0,0,0.00,4096,0.33,1,0.094737,1.010526,0.00,0,0,0,4096,327145684992,0,12713984,1,1000,4096,75,10,0,1
2025-11-09T20:32:04,A_B_C_FULL,10,4001,893,22.32,2389,59.71,34,1516,58,35167,851,752,88.37,4096,0.33,7,0.087719,1.578947,88.37,851,752,0,4096,355296411648,0,-262144,1,1000,4096,75,10,1,1
2025-11-09T20:32:04,A_B_C_FULL,13,4001,889,22.22,2393,59.81,33,1248,57,5453,851,752,88.37,4096,0.33,6,0.087719,1.705263,88.37,851,752,0,4096,395852775424,0,0,1,1000,4096,75,10,1,1
2025-11-09T20:32:11,A_C_FULL,10,0,0,0.00,0,0.00,0,0,0,0,0,0,0.00,4096,0.33,2,0.094737,1.192982,0.00,0,0,0,4096,304574300160,0,1441792,1,1000,4096,75,10,0,1
2025-11-09T20:32:18,A_B_C_FULL,36,4001,901,22.52,2381,59.51,33,1271,55,4472,851,752,88.37,4096,0.33,6,0.087719,1.708772,88.37,851,752,0,4096,357680349184,0,0,1,1000,4096,75,10,1,1
2025-11-09T20:32:18,A_B_C_FULL,24,4001,895,22.37,2387,59.66,33,1361,62,8168,851,752,88.37,4096,0.33,6,0.087719,1.677193,88.37,851,752,0,4096,409331957760,0,65536,1,1000,4096,75,10,1,1
2025-11-09T20:32:26,A_B_CACHE,13,4001,714,17.85,2568,64.18,28,835,49,3165,0,0,0.00,4096,0.33,4,0.094737,1.533333,0.00,0,0,0,4096,245436252160,0,-2555904,1,1000,4096,75,10,1,0
2025-11-09T20:32:33,A_B_C_FULL,28,4001,1036,25.89,2246,56.14,31,1062,53,3951,851,752,88.37,4096,0.33,6,0.087719,1.708772,88.37,851,752,0,4096,335521906688,0,-5570560,1,1000,4096,75,10,1,1
2025-11-09T20:32:33,A_B_C_FULL,35,4001,905,22.62,2377,59.41,32,1202,52,4073,851,752,88.37,4096,0.33,6,0.087719,1.708772,88.37,851,752,0,4096,351311691776,0,-1638400,1,1000,4096,75,10,1,1
2025-11-09T20:32:40,A_B_CACHE,42,4001,900,22.49,2382,59.54,27,787,47,2929,0,0,0.00,4096,0.33,5,0.094737,1.663158,0.00,0,0,0,4096,218530709504,0,10223616,1,1000,4096,75,10,1,0
2025-11-09T20:32:47,A_BASELINE,8,0,0,0.00,0,0.00,0,0,0,0,0,0,0.00,4096,0.33,5,0.094737,1.596491,0.00,0,0,0,4096,248478367744,0,11206656,1,1000,4096,75,10,0,0
2025-11-09T20:32:47,A_BASELINE,41,0,0,0.00,0,0.00,0,0,0,0,0,0,0.00,4096,0.33,4,0.094737,1.557895,0.00,0,0,0,4096,273983209472,0,0,1,1000,4096,75,10,0,0
2025-11-09T20:32:54,A_B_C_FULL,40,4001,1069,26.72,2213,55.31,31,1089,61,34755,851,752,88.37,4096,0.33,6,0.087719,1.694737,88.37,851,752,0,4096,349043818496,0,0,1,1000,4096,75,10,1,1
2025-11-09T20:33:02,A_C_FULL,56,0,0,0.00,0,0.00,0,0,0,0,0,0,0.00,4096,0.33,3,0.094737,1.315789,0.00,0,0,0,4096,294345900032,0,12451840,1,1000,4096,75,10,0,1
2025-11-09T20:33:02,A_C_FULL,34,0,0,0.00,0,0.00,0,0,0,0,0,0,0.00,4096,0.33,2,0.094737,1.228070,0.00,0,0,0,4096,305676156928,0,-65536,1,1000,4096,75,10,0,1
2025-11-09T20:33:02,A_C_FULL,24,0,0,0.00,0,0.00,0,0,0,0,0,0,0.00,4096,0.33,1,0.094737,1.045614,0.00,0,0,0,4096,336663085056,0,2293760,1,1000,4096,75,10,0,1
2025-11-09T20:33:09,A_B_CACHE,55,4001,668,16.70,2614,65.33,29,933,49,3323,0,0,0.00,4096,0.33,3,0.094737,1.463158,0.00,0,0,0,4096,268013142016,0,524288,1,1000,4096,75,10,1,0
2025-11-09T20:33:16,A_B_C_FULL,31,4001,906,22.64,2376,59.39,33,1576,53,3992,851,752,88.37,4096,0.33,6,0.087719,1.694737,88.37,851,752,0,4096,336649125888,0,-196608,1,1000,4096,75,10,1,1
2025-11-09T20:33:24,A_B_CACHE,25,4001,879,21.97,2403,60.06,29,959,50,3315,0,0,0.00,4096,0.33,4,0.094737,1.480702,0.00,0,0,0,4096,245861187584,0,1376256,1,1000,4096,75,10,1,0
2025-11-09T20:33:31,A_B_C_FULL,26,4001,900,22.49,2382,59.54,32,1215,54,4060,851,752,88.37,4096,0.33,6,0.087719,1.656140,88.37,851,752,0,4096,347959787520,0,-65536,1,1000,4096,75,10,1,1
2025-11-09T20:33:38,A_C_FULL,42,0,0,0.00,0,0.00,0,0,0,0,0,0,0.00,4096,0.33,3,0.094737,1.270175,0.00,0,0,0,4096,243355156480,0,0,1,1000,4096,75,10,0,1
2025-11-09T20:33:38,A_C_FULL,37,0,0,0.00,0,0.00,0,0,0,0,0,0,0.00,4096,0.33,2,0.094737,1.189474,0.00,0,0,0,4096,300869287936,0,262144,1,1000,4096,75,10,0,1
2025-11-09T20:33:38,A_C_FULL,15,0,0,0.00,0,0.00,0,0,0,0,0,0,0.00,4096,0.33,2,0.094737,1.231579,0.00,0,0,0,4096,320098598912,0,65536,1,1000,4096,75,10,0,1
2025-11-09T20:33:45,A_B_C_FULL,1,4001,1056,26.39,2226,55.64,32,1161,64,123756,851,752,88.37,4096,0.33,6,0.087719,1.684211,88.37,851,752,0,4096,349142188032,0,0,1,1000,4096,75,10,1,1
2025-11-09T20:33:45,A_B_C_FULL,5,4001,894,22.34,2388,59.69,33,1349,65,196734,851,752,88.37,4096,0.33,6,0.087719,1.705263,88.37,851,752,0,4096,379924054016,0,-65536,1,1000,4096,75,10,1,1
2025-11-09T20:33:53,A_B_CACHE,17,4001,719,17.97,2563,64.06,29,919,50,12347,0,0,0.00,4096,0.33,4,0.094737,1.477193,0.00,0,0,0,4096,257255604224,0,-65536,1,1000,4096,75,10,1,0
2025-11-09T20:33:53,A_B_CACHE,28,4001,672,16.80,2610,65.23,29,1013,51,3782,0,0,0.00,4096,0.33,2,0.094737,1.235088,0.00,0,0,0,4096,295456342016,0,65536,1,1000,4096,75,10,1,0
2025-11-09T20:34:00,A_B_C_FULL,32,4001,901,22.52,2381,59.51,33,1240,67,436376,851,752,88.37,4096,0.33,6,0.087719,1.687719,88.37,851,752,0,4096,337921441792,0,0,1,1000,4096,75,10,1,1
2025-11-09T20:34:07,A_B_CACHE,23,4001,665,16.62,2617,65.41,29,926,49,3405,0,0,0.00,4096,0.33,3,0.094737,1.403509,0.00,0,0,0,4096,283070234624,0,0,1,1000,4096,75,10,1,0
2025-11-09T20:34:14,A_BASELINE,45,0,0,0.00,0,0.00,0,0,0,0,0,0,0.00,4096,0.33,2,0.094737,1.256140,0.00,0,0,0,4096,262370689024,0,4456448,1,1000,4096,75,10,0,0
2025-11-09T20:34:21,A_B_CACHE,19,4001,872,21.79,2410,60.23,24,659,45,2725,0,0,0.00,4096,0.33,4,0.094737,1.536842,0.00,0,0,0,4096,219493629952,0,-589824,1,1000,4096,75,10,1,0
2025-11-09T20:34:28,A_B_C_FULL,39,4001,914,22.84,2368,59.19,30,1024,51,3686,851,752,88.37,4096,0.33,7,0.087719,1.729825,88.37,851,752,0,4096,329159409664,0,-524288,1,1000,4096,75,10,1,1
2025-11-09T20:34:36,A_BASELINE,5,0,0,0.00,0,0.00,0,0,0,0,0,0,0.00,4096,0.33,4,0.094737,1.491228,0.00,0,0,0,4096,254577934336,0,-65536,1,1000,4096,75,10,0,0
2025-11-09T20:34:36,A_BASELINE,13,0,0,0.00,0,0.00,0,0,0,0,0,0,0.00,4096,0.33,3,0.094737,1.456140,0.00,0,0,0,4096,282210992128,0,65536,1,1000,4096,75,10,0,0
2025-11-09T20:34:43,A_B_C_FULL,3,4001,1046,26.14,2236,55.89,31,1153,55,4131,851,752,88.37,4096,0.33,6,0.087719,1.698246,88.37,851,752,0,4096,310805069824,0,12648448,1,1000,4096,75,10,1,1
2025-11-09T20:34:43,A_B_C_FULL,25,4001,908,22.69,2374,59.34,33,1493,54,4193,851,752,88.37,4096,0.33,6,0.087719,1.698246,88.37,851,752,0,4096,344155422720,0,0,1,1000,4096,75,10,1,1
2025-11-09T20:34:50,A_C_FULL,29,0,0,0.00,0,0.00,0,0,0,0,0,0,0.00,4096,0.33,1,0.094737,0.912281,0.00,0,0,0,4096,336088203264,0,65536,1,1000,4096,75,10,0,1
2025-11-09T20:34:57,A_BASELINE,20,0,0,0.00,0,0.00,0,0,0,0,0,0,0.00,4096,0.33,4,0.094737,1.512281,0.00,0,0,0,4096,230382764032,0,0,1,1000,4096,75,10,0,0
2025-11-09T20:35:04,A_B_C_FULL,22,4001,892,22.29,2390,59.74,33,1308,57,5420,851,752,88.37,4096,0.33,6,0.087719,1.673684,88.37,851,752,0,4096,377659785216,0,-65536,1,1000,4096,75,10,1,1
2025-11-09T20:35:12,A_B_CACHE,34,4001,879,21.97,2403,60.06,28,863,49,9596,0,0,0.00,4096,0.33,5,0.094737,1.610526,0.00,0,0,0,4096,221563322368,0,-917504,1,1000,4096,75,10,1,0
2025-11-09T20:35:19,A_C_FULL,11,0,0,0.00,0,0.00,0,0,0,0,0,0,0.00,4096,0.33,3,0.094737,1.428070,0.00,0,0,0,4096,281437470720,0,10944512,1,1000,4096,75,10,0,1
2025-11-09T20:35:26,A_B_CACHE,35,4001,686,17.15,2596,64.88,28,876,48,3629,0,0,0.00,4096,0.33,3,0.094737,1.456140,0.00,0,0,0,4096,266611261440,0,8388608,1,1000,4096,75,10,1,0
2025-11-09T20:35:27,A_B_CACHE,38,4001,859,21.47,2423,60.56,26,752,49,3264,0,0,0.00,4096,0.33,3,0.094737,1.473684,0.00,0,0,0,4096,244667252736,0,-65536,1,1000,4096,75,10,1,0
2025-11-09T20:35:27,A_B_CACHE,48,4001,737,18.42,2545,63.61,29,937,47,3179,0,0,0.00,4096,0.33,4,0.094737,1.554386,0.00,0,0,0,4096,256638910464,0,1048576,1,1000,4096,75,10,1,0
2025-11-09T20:35:33,A_C_FULL,16,0,0,0.00,0,0.00,0,0,0,0,0,0,0.00,4096,0.33,3,0.094737,1.396491,0.00,0,0,0,4096,306349932544,0,15269888,1,1000,4096,75,10,0,1
2025-11-09T20:35:41,A_B_CACHE,51,4001,683,17.07,2599,64.96,32,1137,49,3274,0,0,0.00,4096,0.33,4,0.094737,1.540351,0.00,0,0,0,4096,260589617152,0,65536,1,1000,4096,75,10,1,0
2025-11-09T20:35:48,A_B_C_FULL,52,4001,905,22.62,2377,59.41,32,1250,58,38986,851,752,88.37,4096,0.33,6,0.087719,1.684211,88.37,851,752,0,4096,342948642816,0,0,1,1000,4096,75,10,1,1
2025-11-09T20:35:48,A_B_C_FULL,7,4001,896,22.39,2386,59.64,33,1400,53,4208,851,752,88.37,4096,0.33,6,0.087719,1.708772,88.37,851,752,0,4096,331847434240,0,6160384,1,1000,4096,75,10,1,1
2025-11-09T20:35:55,A_C_FULL,51,0,0,0.00,0,0.00,0,0,0,0,0,0,0.00,4096,0.33,1,0.094737,1.129825,0.00,0,0,0,4096,327407828992,0,0,1,1000,4096,75,10,0,1
2025-11-09T20:36:03,A_BASELINE,49,0,0,0.00,0,0.00,0,0,0,0,0,0,0.00,4096,0.33,4,0.094737,1.498246,0.00,0,0,0,4096,269989380096,0,0,1,1000,4096,75,10,0,0
2025-11-09T20:36:11,A_C_FULL,1,0,0,0.00,0,0.00,0,0,0,0,0,0,0.00,4096,0.33,1,0.094737,1.042105,0.00,0,0,0,4096,344354258944,0,-65536,1,1000,4096,75,10,0,1
2025-11-09T20:36:18,A_B_C_FULL,9,4001,894,22.34,2388,59.69,33,1436,57,5437,851,752,88.37,4096,0.33,6,0.091228,1.456140,88.37,851,752,0,4096,398717091840,0,-65536,1,1000,4096,75,10,1,1
2025-11-09T20:36:26,A_BASELINE,55,0,0,0.00,0,0.00,0,0,0,0,0,0,0.00,4096,0.33,3,0.094737,1.459649,0.00,0,0,0,4096,286457790464,0,327680,1,1000,4096,75,10,0,0
2025-11-09T20:36:26,A_BASELINE,36,0,0,0.00,0,0.00,0,0,0,0,0,0,0.00,4096,0.33,3,0.094737,1.428070,0.00,0,0,0,4096,270531166208,0,-524288,1,1000,4096,75,10,0,0
2025-11-09T20:36:26,A_BASELINE,25,0,0,0.00,0,0.00,0,0,0,0,0,0,0.00,4096,0.33,4,0.094737,1.484211,0.00,0,0,0,4096,283425374208,0,-65536,1,1000,4096,75,10,0,0
2025-11-09T20:36:33,A_B_CACHE,39,4001,666,16.65,2616,65.38,28,914,52,31258,0,0,0.00,4096,0.33,3,0.094737,1.431579,0.00,0,0,0,4096,270761394176,0,-589824,1,1000,4096,75,10,1,0
2025-11-09T20:36:41,A_B_C_FULL,11,4001,897,22.42,2385,59.61,33,1449,55,4560,851,752,88.37,4096,0.33,6,0.087719,1.670175,88.37,851,752,0,4096,349581606912,0,-65536,1,1000,4096,75,10,1,1
2025-11-09T20:36:41,A_B_C_FULL,53,4001,900,22.49,2382,59.54,32,1216,54,4258,851,752,88.37,4096,0.33,6,0.087719,1.705263,88.37,851,752,0,4096,351429459968,0,-65536,1,1000,4096,75,10,1,1
2025-11-09T20:36:48,A_BASELINE,26,0,0,0.00,0,0.00,0,0,0,0,0,0,0.00,4096,0.33,4,0.094737,1.494737,0.00,0,0,0,4096,218429390848,0,-327680,1,1000,4096,75,10,0,0
2025-11-09T20:36:56,A_C_FULL,44,0,0,0.00,0,0.00,0,0,0,0,0,0,0.00,4096,0.33,1,0.094737,1.143860,0.00,0,0,0,4096,336845930496,0,0,1,1000,4096,75,10,0,1
2025-11-09T20:37:03,A_B_CACHE,53,4001,666,16.65,2616,65.38,40,82332,51,3847,0,0,0.00,4096,0.33,3,0.094737,1.449123,0.00,0,0,0,4096,280525864960,0,-65536,1,1000,4096,75,10,1,0
2025-11-09T20:37:10,A_C_FULL,41,0,0,0.00,0,0.00,0,0,0,0,0,0,0.00,4096,0.33,3,0.094737,1.291228,0.00,0,0,0,4096,294444466176,0,11599872,1,1000,4096,75,10,0,1
2025-11-09T20:37:18,A_B_C_FULL,37,4001,898,22.44,2384,59.59,44,152529,55,4413,851,752,88.37,4096,0.33,6,0.087719,1.666667,88.37,851,752,0,4096,346321059840,0,0,1,1000,4096,75,10,1,1
2025-11-09T20:37:25,A_B_CACHE,6,4001,869,21.72,2413,60.31,30,981,51,13967,0,0,0.00,4096,0.33,4,0.094737,1.554386,0.00,0,0,0,4096,233290989568,0,2621440,1,1000,4096,75,10,1,0
2025-11-09T20:37:25,A_B_CACHE,3,4001,702,17.55,2580,64.48,27,824,49,13121,0,0,0.00,4096,0.33,4,0.094737,1.540351,0.00,0,0,0,4096,258510487552,0,-589824,1,1000,4096,75,10,1,0
2025-11-09T20:37:32,A_C_FULL,50,0,0,0.00,0,0.00,0,0,0,0,0,0,0.00,4096,0.33,1,0.094737,0.926316,0.00,0,0,0,4096,394456858624,0,1245184,1,1000,4096,75,10,0,1
2025-11-09T20:37:39,A_B_C_FULL,42,4001,906,22.64,2376,59.39,32,1153,53,3860,851,752,88.37,4096,0.33,6,0.087719,1.705263,88.37,851,752,0,4096,334600273920,0,196608,1,1000,4096,75,10,1,1
2025-11-09T20:37:46,A_BASELINE,38,0,0,0.00,0,0.00,0,0,0,0,0,0,0.00,4096,0.33,3,0.094737,1.477193,0.00,0,0,0,4096,243511263232,0,131072,1,1000,4096,75,10,0,0
2025-11-09T20:37:53,A_B_C_FULL,17,4001,910,22.74,2372,59.29,32,1203,52,3778,851,752,88.37,4096,0.33,6,0.087719,1.712281,88.37,851,752,0,4096,333042614272,0,-1245184,1,1000,4096,75,10,1,1
2025-11-09T20:38:00,A_B_CACHE,46,4001,671,16.77,2611,65.26,28,870,49,3596,0,0,0.00,4096,0.33,3,0.094737,1.340351,0.00,0,0,0,4096,264760983552,0,-12517376,1,1000,4096,75,10,1,0
2025-11-09T20:38:07,A_BASELINE,42,0,0,0.00,0,0.00,0,0,0,0,0,0,0.00,4096,0.33,4,0.094737,1.491228,0.00,0,0,0,4096,236012306432,0,-655360,1,1000,4096,75,10,0,0
2025-11-09T20:38:14,A_B_C_FULL,29,4001,904,22.59,2378,59.44,32,1171,54,4069,851,752,88.37,4096,0.33,6,0.087719,1.708772,88.37,851,752,0,4096,339031818240,0,786432,1,1000,4096,75,10,1,1
2025-11-09T20:38:14,A_B_C_FULL,38,4001,897,22.42,2385,59.61,30,1033,51,3898,851,752,88.37,4096,0.33,7,0.087719,1.722807,88.37,851,752,0,4096,367282552832,0,655360,1,1000,4096,75,10,1,1
2025-11-09T20:38:22,A_BASELINE,3,0,0,0.00,0,0.00,0,0,0,0,0,0,0.00,4096,0.33,3,0.094737,1.400000,0.00,0,0,0,4096,262381568000,0,-7929856,1,1000,4096,75,10,0,0
2025-11-09T20:38:22,A_BASELINE,10,0,0,0.00,0,0.00,0,0,0,0,0,0,0.00,4096,0.33,5,0.094737,1.821053,0.00,0,0,0,4096,197326864384,0,28049408,1,1000,4096,75,10,0,0
2025-11-09T20:38:22,A_BASELINE,6,0,0,0.00,0,0.00,0,0,0,0,0,0,0.00,4096,0.33,4,0.094737,1.484211,0.00,0,0,0,4096,245196914688,0,196608,1,1000,4096,75,10,0,0
2025-11-09T20:38:30,A_C_FULL,47,0,0,0.00,0,0.00,0,0,0,0,0,0,0.00,4096,0.33,2,0.094737,1.252632,0.00,0,0,0,4096,320364412928,0,0,1,1000,4096,75,10,0,1
2025-11-09T20:38:37,A_B_CACHE,50,4001,678,16.95,2604,65.08,29,898,50,3419,0,0,0.00,4096,0.33,3,0.094737,1.470175,0.00,0,0,0,4096,265759293440,0,65536,1,1000,4096,75,10,1,0
2025-11-09T20:38:37,A_B_CACHE,5,4001,681,17.02,2601,65.01,28,869,74,1594936,0,0,0.00,4096,0.33,1,0.094737,1.192982,0.00,0,0,0,4096,273217552384,0,-4915200,1,1000,4096,75,10,1,0
2025-11-09T20:38:44,A_C_FULL,33,0,0,0.00,0,0.00,0,0,0,0,0,0,0.00,4096,0.33,2,0.094737,1.217544,0.00,0,0,0,4096,315493253120,0,458752,1,1000,4096,75,10,0,1
2025-11-09T20:38:51,A_B_CACHE,12,4001,678,16.95,2604,65.08,28,868,72,1157093,0,0,0.00,4096,0.33,4,0.094737,1.519298,0.00,0,0,0,4096,262119227392,0,12713984,1,1000,4096,75,10,1,0
2025-11-09T20:38:51,A_B_CACHE,57,4001,668,16.70,2614,65.33,29,934,50,3704,0,0,0.00,4096,0.33,3,0.094737,1.371930,0.00,0,0,0,4096,268726108160,0,0,1,1000,4096,75,10,1,0
2025-11-09T20:38:58,A_BASELINE,17,0,0,0.00,0,0.00,0,0,0,0,0,0,0.00,4096,0.33,4,0.094737,1.522807,0.00,0,0,0,4096,257532297216,0,-1245184,1,1000,4096,75,10,0,0
2025-11-09T20:38:58,A_BASELINE,46,0,0,0.00,0,0.00,0,0,0,0,0,0,0.00,4096,0.33,4,0.094737,1.512281,0.00,0,0,0,4096,270697365504,0,65536,1,1000,4096,75,10,0,0
2025-11-09T20:39:05,A_B_C_FULL,33,4001,899,22.47,2383,59.56,68,1135968,56,4794,851,752,88.37,4096,0.33,5,0.087719,1.529825,88.37,851,752,0,4096,381946888192,0,-65536,1,1000,4096,75,10,1,1
2025-11-09T20:39:12,A_C_FULL,35,0,0,0.00,0,0.00,0,0,0,0,0,0,0.00,4096,0.33,1,0.094737,1.207018,0.00,0,0,0,4096,289522843648,0,-720896,1,1000,4096,75,10,0,1
2025-11-09T20:39:19,A_B_CACHE,59,4001,856,21.39,2426,60.63,27,803,48,3222,0,0,0.00,4096,0.33,4,0.094737,1.554386,0.00,0,0,0,4096,245571059712,0,-5111808,1,1000,4096,75,10,1,0
2025-11-09T20:39:26,A_B_C_FULL,14,4001,896,22.39,2386,59.64,33,1277,57,5911,851,752,88.37,4096,0.33,6,0.087719,1.705263,88.37,851,752,0,4096,373063811072,0,9175040,1,1000,4096,75,10,1,1
2025-11-09T20:39:33,A_BASELINE,21,0,0,0.00,0,0.00,0,0,0,0,0,0,0.00,4096,0.33,5,0.094737,1.757895,0.00,0,0,0,4096,232751628288,0,3866624,1,1000,4096,75,10,0,0
2025-11-09T20:39:41,A_C_FULL,52,0,0,0.00,0,0.00,0,0,0,0,0,0,0.00,4096,0.33,1,0.094737,1.182456,0.00,0,0,0,4096,301523140608,0,-65536,1,1000,4096,75,10,0,1
2025-11-09T20:39:41,A_C_FULL,17,0,0,0.00,0,0.00,0,0,0,0,0,0,0.00,4096,0.33,3,0.094737,1.312281,0.00,0,0,0,4096,278417506304,0,31260672,1,1000,4096,75,10,0,1
2025-11-09T20:39:48,A_BASELINE,24,0,0,0.00,0,0.00,0,0,0,0,0,0,0.00,4096,0.33,4,0.094737,1.522807,0.00,0,0,0,4096,253242572800,0,131072,1,1000,4096,75,10,0,0
2025-11-09T20:39:55,A_B_C_FULL,16,4001,1051,26.27,2231,55.76,29,992,51,3937,851,752,88.37,4096,0.33,6,0.087719,1.705263,88.37,851,752,0,4096,321123123200,0,5177344,1,1000,4096,75,10,1,1
2025-11-09T20:40:02,A_BASELINE,12,0,0,0.00,0,0.00,0,0,0,0,0,0,0.00,4096,0.33,5,0.094737,1.600000,0.00,0,0,0,4096,244846886912,0,-5832704,1,1000,4096,75,10,0,0
2025-11-09T20:40:02,A_BASELINE,58,0,0,0.00,0,0.00,0,0,0,0,0,0,0.00,4096,0.33,5,0.094737,1.828070,0.00,0,0,0,4096,198515490816,0,-1048576,1,1000,4096,75,10,0,0
2025-11-09T20:40:02,A_BASELINE,33,0,0,0.00,0,0.00,0,0,0,0,0,0,0.00,4096,0.33,3,0.094737,1.438596,0.00,0,0,0,4096,255634505728,0,-131072,1,1000,4096,75,10,0,0
2025-11-09T20:40:10,A_C_FULL,31,0,0,0.00,0,0.00,0,0,0,0,0,0,0.00,4096,0.33,1,0.094737,1.080702,0.00,0,0,0,4096,331969986560,0,-65536,1,1000,4096,75,10,0,1
2025-11-09T20:40:17,A_B_C_FULL,43,4001,903,22.57,2379,59.46,32,1220,53,3858,851,752,88.37,4096,0.33,7,0.087719,1.715789,88.37,851,752,0,4096,336908320768,0,-131072,1,1000,4096,75,10,1,1
2025-11-09T20:40:25,A_C_FULL,60,0,0,0.00,0,0.00,0,0,0,0,0,0,0.00,4096,0.33,3,0.094737,1.407018,0.00,0,0,0,4096,290241183744,0,7012352,1,1000,4096,75,10,0,1
2025-11-09T20:40:32,A_B_CACHE,33,4001,687,17.17,2595,64.86,29,907,53,18720,0,0,0.00,4096,0.33,3,0.094737,1.477193,0.00,0,0,0,4096,263639924736,0,-131072,1,1000,4096,75,10,1,0
2025-11-09T20:40:39,A_BASELINE,39,0,0,0.00,0,0.00,0,0,0,0,0,0,0.00,4096,0.33,4,0.094737,1.477193,0.00,0,0,0,4096,278819569664,0,65536,1,1000,4096,75,10,0,0
2025-11-09T20:40:39,A_BASELINE,23,0,0,0.00,0,0.00,0,0,0,0,0,0,0.00,4096,0.33,3,0.094737,1.382456,0.00,0,0,0,4096,274200133632,0,65536,1,1000,4096,75,10,0,0
2025-11-09T20:40:46,A_B_C_FULL,41,4001,918,22.94,2364,59.09,29,951,45,2702,851,752,88.37,4096,0.33,6,0.087719,1.705263,88.37,851,752,0,4096,297026846720,0,-6225920,1,1000,4096,75,10,1,1
2025-11-09T20:40:54,A_BASELINE,27,0,0,0.00,0,0.00,0,0,0,0,0,0,0.00,4096,0.33,5,0.094737,1.578947,0.00,0,0,0,4096,249034571776,0,-131072,1,1000,4096,75,10,0,0
2025-11-09T20:41:01,A_B_C_FULL,51,4001,903,22.57,2379,59.46,31,1090,53,3956,851,752,88.37,4096,0.33,7,0.087719,1.729825,88.37,851,752,0,4096,326625132544,0,12713984,1,1000,4096,75,10,1,1
2025-11-09T20:41:09,A_C_FULL,45,0,0,0.00,0,0.00,0,0,0,0,0,0,0.00,4096,0.33,1,0.098246,0.992982,0.00,0,0,0,4096,360039645184,0,0,1,1000,4096,75,10,0,1
2025-11-09T20:41:09,A_C_FULL,21,0,0,0.00,0,0.00,0,0,0,0,0,0,0.00,4096,0.33,2,0.094737,1.203509,0.00,0,0,0,4096,316894347264,0,-131072,1,1000,4096,75,10,0,1
2025-11-09T20:41:16,A_B_C_FULL,56,4001,901,22.52,2381,59.51,32,1212,54,3984,851,752,88.37,4096,0.33,6,0.087719,1.550877,88.37,851,752,0,4096,333709508608,0,-589824,1,1000,4096,75,10,1,1
2025-11-09T20:41:16,A_B_C_FULL,58,4001,910,22.74,2372,59.29,32,1223,51,3867,851,752,88.37,4096,0.33,7,0.087719,1.715789,88.37,851,752,0,4096,328052965376,0,3014656,1,1000,4096,75,10,1,1
2025-11-09T20:41:24,A_B_CACHE,7,4001,709,17.72,2573,64.31,28,857,46,2892,0,0,0.00,4096,0.33,4,0.094737,1.487719,0.00,0,0,0,4096,257451491328,0,2621440,1,1000,4096,75,10,1,0
2025-11-09T20:41:30,A_B_C_FULL,12,4001,1062,26.54,2220,55.49,32,1345,56,4322,851,752,88.37,4096,0.33,6,0.087719,1.705263,88.37,851,752,0,4096,337393025024,0,65536,1,1000,4096,75,10,1,1
